{
  "type": "create:mechanical_crafting",
  "pattern": [
    "HH  ",
    "MCKP"
  ],
  "key": {
    "M": {
      "item": "create:precision_mechanism"
    },
    "P": {
      "item": "create:fluid_pipe"
    },
    "C": {
      "tag": "forge:storage_blocks/copper"
    },
    "H": {
      "item": "minecraft:polished_blackstone_button"
    },
    "K": {
      "item": "createbigcannons:cast_iron_autocannon_barrel"
    }
  },
  "result": {
    "item": "createdieselgenerators:chemical_sprayer",
    "count": 1
  }
}