{
  "type": "create:compacting",
  "heatRequirement": "superheated",
  "ingredients": [
	  {
		"item": "minecraft:lapis_block"
	  },
	  {
		"item": "minecraft:ancient_debris"
	  },
	  {
		"item": "createaddition:diamond_grit"
	  },
	  {
		"item": "create:powdered_obsidian"
	  },
    {
      "amount": 500,
      "fluid": "alexscaves:acid",
      "nbt": {}
    },
    {
      "amount": 500,
      "fluid": "create_enchantment_industry:hyper_experience",
      "nbt": {}
    }
  ],
  "results": [{
    "item": "minecraft:crying_obsidian",
    "count": 1,
	"chance": 0.85
  }]
}