{
  "type": "create:sequenced_assembly",
  "ingredient": {
    "item": "create:powdered_obsidian"
  },
  "loops": 1,
  "results": [
    {
      "item": "create:sturdy_sheet"
    }
  ],
  "sequence": [
    {
      "type": "create:filling",
      "ingredients": [
        {
          "item": "create:unprocessed_obsidian_sheet"
        },
        {
          "amount": 500,
          "fluid": "alexscaves:acid",
          "nbt": {}
        }
      ],
      "results": [
        {
          "item": "create:unprocessed_obsidian_sheet"
        }
      ]
    },
    {
      "type": "create:pressing",
      "ingredients": [
        {
          "item": "create:unprocessed_obsidian_sheet"
        }
      ],
      "results": [
        {
          "item": "create:unprocessed_obsidian_sheet"
        }
      ]
    },
    {
      "type": "create:pressing",
      "ingredients": [
        {
          "item": "create:unprocessed_obsidian_sheet"
        }
      ],
      "results": [
        {
          "item": "create:unprocessed_obsidian_sheet"
        }
      ]
    }
  ],
  "transitionalItem": {
    "item": "create:unprocessed_obsidian_sheet"
  }
}