{
  "trees": {
    "allowedLogs": [
      "minecraft:oak_fence",
      "minecraft:spruce_fence",
      "minecraft:birch_fence",
      "minecraft:jungle_fence",
      "minecraft:acacia_fence",
      "minecraft:dark_oak_fence",
      "minecraft:oak_wood",
      "minecraft:spruce_wood",
      "minecraft:birch_wood",
      "minecraft:jungle_wood",
      "minecraft:acacia_wood",
      "minecraft:dark_oak_wood"
    ],
    "deniedLogs": [],
    "allowedLeaves": [],
    "allowedNonDecayLeaves": [
      "minecraft:oak_leaves",
      "minecraft:spruce_leaves",
      "minecraft:birch_leaves",
      "minecraft:jungle_leaves",
      "minecraft:acacia_leaves",
      "minecraft:dark_oak_leaves",
      "minecraft:oak_wood",
      "minecraft:spruce_wood",
      "minecraft:birch_wood",
      "minecraft:jungle_wood",
      "minecraft:acacia_wood",
      "minecraft:dark_oak_wood"
    ],
    "deniedLeaves": [],
    "breakMode": "INSTANTANEOUS",
    "detectionMode": "WHOLE_TREE",
    "maxScanSize": 4096,
    "maxSize": 4096,
    "maxLeafDistanceFromLog": 20,
    "maxSizeAction": "CUT",
    "breakOrder": "CLOSEST_FIRST",
    "minimumLeavesAroundRequired": 0,
    "includePersistentLeavesInRequiredCount": true,
    "treeBreaking": true,
    "leavesBreaking": true,
    "leavesBreakingForceRadius": 10,
    "allowMixedLogs": true,
    "breakNetherTreeWarts": true,
    "breakMangroveRoots": true,
    "searchAreaRadius": -1,
    "allowedAdjacentBlocks": [],
    "adjacentStopMode": "STOP_ALL"
  },
  "tools": {
    "allowed": [],
    "denied": [],
    "preserve": true,
    "ignoreTools": false,
    "damageMultiplicand": 0.5,
    "damageRounding": "ROUND_DOWN",
    "speedMultiplicand": 1.0,
    "forceToolUsage": false
  },
  "player": {
    "allowedTags": []
  },
  "enchantment": {
    "registerEnchant": false,
    "registerSpecificEnchant": false,
    "hideEnchant": false,
    "requireEnchantment": false
  },
  "sneakMode": "SNEAK_DISABLE",
  "breakInCreative": true,
  "lootInCreative": true,
  "notificationMode": "ACTION_BAR"
}