{
  "items": [
    {
      "item": "minecraft:diamond",
      "type": "prices",
      "adminShopSellPrice": 0.0,
      "sellPrice": 0.0,
      "importerBuyPrice": 0.0
    },
    {
      "item": "minecraft:diamond",
      "type": "adminshop",
      "adminShopBuyPrice": 0.0,
      "category": "General:Gems",
      "adminShopSlot": 0
    }
  ],
  "categories": [
    {
      "item": "minecraft:dirt",
      "name": "General",
      "categories": [
        {
          "item": "minecraft:diamond",
          "name": "Gems"
        }
      ]
    }
  ]
}