{
  "type": "create:mixing",
  "heatRequirement": "superheated",
  "ingredients": [
    {
      "item": "minecraft:netherite_scrap"
    },
    {
      "item": "ad_astra:steel_plate"
    },
    {
      "item": "ad_astra:steel_plate"
    },
    {
      "item": "ad_astra:steel_plate"
    },
    {
      "item": "ad_astra:steel_plate"
    },
    {
      "item": "ad_astra:steel_plate"
    },
    {
      "item": "ad_astra:steel_plate"
    },
    {
      "item": "ad_astra:steel_plate"
    },
    {
      "item": "ad_astra:steel_plate"
    },
    {
      "item": "ad_astra:steel_plate"
    }
  ],
  "results": [
    {
      "count": 6,
      "item": "createbigcannons:nethersteel_ingot"
    }
  ]
}