{
    "conditions": [
        {
          "type": "forge:mod_loaded",
          "modid": "farmersdelight"
        }
      ],
    "type": "farmersdelight:cooking",
    "recipe_book_tab": "meals",
    "ingredients": [
      {
        "tag": "forge:raw_pork"
      },
      {
        "item": "destroy:mashed_potato"
      }
    ],
    "result": {
      "item": "destroy:bangers_and_mash"
    },
    "container": {
      "item": "minecraft:bowl"
    },
    "experience": 1.0,
    "cookingtime": 200
  }