{
    "type": "minecraft:ore",
    "config": {
      "size": 24,
      "discard_chance_on_air_exposure": 0,
      "targets": [
        {
          "target": {
            "predicate_type": "minecraft:random_block_match",
            "block": "minecraft:stone",
            "probability": 0.03
          },
          "state": {
            "Name": "minecraft:raw_copper_block"
          }
        },
        {
          "target": {
            "predicate_type": "minecraft:random_block_match",
            "block": "minecraft:deepslate",
            "probability": 0.05
          },
          "state": {
            "Name": "minecraft:raw_copper_block"
          }
        },
        {
          "target": {
            "predicate_type": "minecraft:tag_match",
            "tag": "minecraft:stone_ore_replaceables"
          },
          "state": {
            "Name": "minecraft:copper_ore"
          }
        },
        {
          "target": {
            "predicate_type": "minecraft:tag_match",
            "tag": "minecraft:deepslate_ore_replaceables"
          },
          "state": {
            "Name": "minecraft:deepslate_copper_ore"
          }
        }
      ]
    }
  }
  