{
  "type": "create:mixing",
  "heatRequirement": "superheated",
  "ingredients": [
    {
      "item": "minecraft:netherite_scrap"
    },
    {
      "item": "minecraft:netherite_scrap"
    },
    {
      "item": "destroy:nanodiamonds"
    },
    {
      "item": "destroy:nanodiamonds"
    },
    {
      "item": "minecolonies:golden_bread"
    },
    {
      "item": "create:powdered_obsidian"
    },
    {
      "amount": 750,
      "fluid": "alexscaves:acid",
      "nbt": {}
    },
    {
      "amount": 250,
      "fluid": "create_enchantment_industry:experience",
      "nbt": {}
    }
  ],
  "results": [
    {
      "item": "createutilities:void_steel_ingot"
    }
  ]
}
