{
  "type": "ad_astra:space_station",
  "ingredients": [
    {
      "ingredient": {
        "item": "createaddition:modular_accumulator"
      },
      "count": 8
    },
    {
      "ingredient": {
        "item": "createutilities:void_steel_sheet"
      },
      "count": 16
    },
    {
      "ingredient": {
        "item": "createaddition:gold_spool"
      },
      "count": 32
    },
    {
      "ingredient": {
        "item": "create:precision_mechanism"
      },
      "count": 32
    },
    {
      "ingredient": {
        "item": "create:industrial_iron_block"
      },
      "count": 64
    },
    {
      "ingredient": {
        "item": "destroy:fluorite_block"
      },
      "count": 64
    },
    {
      "ingredient": {
        "item": "create:iron_sheet"
      },
      "count": 64
    }
  ]
}