{
    "conditions": [
      {
          "type": "forge:mod_loaded",
          "modid": "alexscaves"
      }
    ],
    "type": "minecraft:crafting_shapeless",
    "pattern": [
      "IsI",
      "IPI",
      "ISI"
    ],
    "key": {
      "I": {
        "tag": "forge:plates/iron"
      },
      "s": {
        "item": "minecraft:ink_sac"
      },
      "P": {
        "item": "minecraft:tnt"
      },
      "S": {
        "item": "minecraft:fire_charge"
      }
    },
    "result": {
      "item": "alexscaves:ink_bomb",
      "count": 3
    }
  }