{
    "type": "create:compacting",
    "ingredients": [
      {
        "item": "createbigcannons:empty_machine_gun_round"
      },
      {
        "item": "flansbasicparts:gunpowder_speck"
      },
      {
        "item": "flansbasicparts:gunpowder_speck"
      },
      {
        "item": "flansbasicparts:gunpowder_speck"
      },
      {
        "item": "create:copper_nugget"
      },
      {
        "item": "ad_astra:steel_nugget"
      }
    ],
  "results": [
    {
      "item": "cgm:advanced_bullet",
      "count": 2
    }
  ]
}