{
  "type": "minecraft:crafting_shaped",
  "pattern": [
    "   O    ",
    "BBBTFTMB",
    "   TP   "
  ],
  "key": {
    "F": {
      "item": "cgm:grenade_launcher"
    },
    "T": {
      "item": "createutilities:void_steel_sheet"
    },
    "O": {
      "item": "cgm:medium_scope"
    },
    "P": {
      "item": "ad_astra:steel_ingot"
    },
    "M": {
      "item": "create:precision_mechanism"
    },
    "B": {
      "item": "createbigcannons:steel_autocannon_barrel"
    }
  },
  "result": {
    "item": "cgm:bazooka",
    "count": 1
  }
}