{
  "type": "minecraft:crafting_shaped",
  "pattern": [
    " SPS ",
    "GWARG",
    " SCS "
  ],
  "key": {
    "S": {
      "item": "ad_astra:steel_plate"
    },
    "C": {
      "item": "createaddition:capacitor"
    },
    "A": {
      "item": "createutilities:polished_amethyst"
    },
    "P": {
      "item": "create:precision_mechanism"
    },
    "R": {
      "item": "minecraft:spyglass"
    },
    "W": {
      "item": "createaddition:gold_wire"
    },
    "G": {
      "item": "minecraft:tinted_glass"
    }
  },
  "result": {
    "item": "cgm:medium_scope",
    "count": 1
  }
}