{
  "type": "minecraft:crafting_shaped",
  "pattern": [
    "     AHH",
    "BBBBBACS",
    "BBBBBMZ "
  ],
  "key": {
    "S": {
      "item": "createbigcannons:steel_autocannon_recoil_spring"
    },
    "C": {
      "item": "createbigcannons:steel_autocannon_breech"
    },
    "B": {
      "item": "createbigcannons:steel_autocannon_barrel"
    },
    "G": {
      "item": "createaddition:gold_rod"
    },
    "T": {
      "item": "createutilities:void_steel_sheet"
    },
    "A": {
      "item": "createbigcannons:autocannon_ammo_container"
    },
    "M": {
      "item": "createdieselgenerators:chemical_sprayer"
    },
    "H": {
      "item": "createdieselgenerators:kelp_handle"
    },
    "Z": {
      "item": "createaddition:modular_accumulator"
    }
  },
  "result": {
    "item": "cgm:mini_gun",
    "count": 1
  }
}