{
    "type": "create:compacting",
    "ingredients": [
      {
        "item": "createbigcannons:autocannon_cartridge_sheet"
      },
      {
        "item": "flansbasicparts:gunpowder_speck"
      },
      {
        "item": "flansbasicparts:gunpowder_speck"
      },
      {
        "item": "flansbasicparts:gunpowder_speck"
      },
      {
        "item": "ad_astra:steel_nugget"
      },
      {
        "item": "ad_astra:steel_nugget"
      },
      {
        "item": "minecraft:paper"
      },
      {
        "item": "minecraft:red_dye"
      }
    ],
  "results": [
    {
      "item": "cgm:shell",
      "count": 4
    }
  ]
}