{
    "type": "destroy:aging",
    "ingredients": [
        {
            "fluid": "minecraft:water",
            "amount": 900
        },
        {
            "item": "minecraft:wheat",
            "count": 1
        },
        {
        "item": "delightful:animal_oil_bottle",
            "count": 1
        },
        {
            "tag": "destroy:yeast",
            "count": 1
        }
    ],
    "results": [
        {
            "fluid": "destroy:undistilled_moonshine",
            "amount": 1000
        }
    ],
    "processingTime": 9600
}