{
    "conditions": [
      {
          "type": "forge:mod_loaded",
          "modid": "alexscaves"
      }
    ],
    "type": "create:mixing",
    "ingredients": [
      {
        "item": "minecraft:leather"
      },
      {
        "item": "alexscaves:sulfur_dust"
      },
      {
        "fluid": "createdieselgenerators:crude_oil",
        "amount": 250
      }
    ],
    "results": [
      {
        "item": "alexscaves:polymer_plate",
        "count": 1
      }
    ]
  }