{
  "type": "minecraft:block",
  "pools": [
    {
      "bonus_rolls": 0.0,
      "entries": [
        {
          "type": "minecraft:alternatives",
          "children": [
            {
              "type": "minecraft:item",
              "conditions": [
                {
                  "condition": "minecraft:match_tool",
                  "predicate": {
                    "enchantments": [
                      {
                        "enchantment": "minecraft:silk_touch",
                        "levels": {
                          "min": 1
                        }
                      }
                    ]
                  }
                }
              ],
              "name": "createbigcannons:small_steel_cannon_layer"
            },
            {
              "type": "minecraft:item",
              "functions": [
                {
                  "function": "minecraft:explosion_decay"
                }
              ],
              "name": "createbigcannons:steel_scrap"
            }
          ]
        }
      ],
      "rolls": 1.0
    }
  ],
  "random_sequence": "createbigcannons:blocks/small_steel_cannon_layer"
}