{
  "type": "minecraft:crafting_shaped",
  "pattern": [
    "nSMSn",
    " nNn ",
    "vVPVv"
  ],
  "key": {
    "M": {
      "item": "createaddition:electric_motor"
    },
    "S": {
      "item": "ad_astra:steel_plate"
    },
    "n": {
      "item": "destroy:nickel_ingot"
    },
    "N": {
      "item": "createbigcannons:nethersteel_screw_breech"
    },
    "P": {
      "item": "create:propeller"
    },
    "V": {
      "item": "createutilities:void_steel_ingot"
    },
    "V": {
      "item": "createutilities:void_steel_sheet"
    }
  },
  "result": {
    "item": "ad_astra:engine_fan",
    "count": 1
  }
}