{
  "type": "minecraft:crafting_shaped",
  "key": {
    "#": {
      "item": "ad_astra:steel_plate"
    },
    "F": {
      "item": "create:propeller"
    },
    "P": {
      "item": "create:mechanical_pump"
    },
    "D": {
      "item": "destroy:fluorite"
    },
    "R": {
      "item": "create:precision_mechanism"
    },
    "O": {
      "item": "ad_astra:oxygen_tank"
    },
    "T": {
      "item": "ad_astra:steel_tank"
    }
  },
  "pattern": [
    "#F#",
    "DOD",
    "RTR",
    "#P#"
  ],
  "result": {
    "item": "ad_astra:oxygen_loader"
  }
}