{
  "type": "minecraft:crafting_shaped",
  "pattern": [
    "RWASBTWR",
    "BPDPPEVB",
    "RWBSBTWR"
  ],
  "key": {
    "R": {
      "item": "createbigcannons:steel_autocannon_breech_extractor"
    },
    "P": {
      "item": "ad_astra:steel_trapdoor"
    },
    "B": {
      "item": "createaddition:brass_rod"
    },
    "S": {
      "item": "create:black_seat"
    },
    "V": {
      "item": "create:item_vault"
    },
    "T": {
      "item": "ad_astra:steel_tank"
    },
    "W": {
      "item": "ad_astra:wheel"
    },
    "A": {
      "item": "createaddition:modular_accumulator"
    },
    "E": {
      "item": "createdieselgenerators:diesel_engine"
    },
    "D": {
      "item": "create:contraption_controls"
    }
  },
  "result": {
    "item": "ad_astra:tier_1_rover",
    "count": 1
  }
}