{
  "type": "minecraft:crafting_shaped",
  "pattern": [
    "  C  ",
    " NGN ",
    " WZD ",
    " WGW ",
    " WGW ",
    "FTPTF",
    "FWBWF"
  ],
  "key": {
    "N": {
      "item": "ad_astra:rocket_nose_cone"
    },
    "W": {
      "item": "ad_astra:steel_block"
    },
    "D": {
      "item": "ad_astra:steel_trapdoor"
    },
    "F": {
      "item": "ad_astra:rocket_fin"
    },
    "T": {
      "item": "ad_astra:steel_tank"
    },
    "B": {
      "item": "ad_astra:steel_engine"
    },
    "C": {
      "item": "ad_astra:tier_1_rocket"
    },
    "Z": {
      "item": "createaddition:modular_accumulator"
    },
    "G": {
      "item": "createutilities:void_steel_sheet"
    },
    "P": {
      "item": "createdieselgenerators:large_diesel_engine"
    },
    "H": {
      "item": "create:controls"
    }
  },
  "result": {
    "item": "ad_astra:tier_1_rocket",
    "count": 1
  }
}