{
   "type":"minecraft:crafting_shaped",
   "result":{
      "item":"ad_astra_giselle_addon:fuel_loader"
   },
   "pattern":[
      " SSS ",
      "FBPCS",
      " SSS "
   ],
   "key":{
      "S":{
         "tag":"ad_astra_platform:steel_plates"
      },
      "P":{
         "item":"create:precision_mechanism"
      },
      "C":{
         "item":"createaddition:modular_accumulator"
      },
      "B":{
         "item":"create:mechanical_pump"
      },
      "F":{
         "item":"create:fluid_pipe"
      }
   }
}