{
  "type": "create:mixing",
  "heatRequirement": "superheated",
  "ingredients": [
	  {
		"item": "minecraft:flint"
	  },
	  {
		"item": "alexscaves:acidic_radrock"
	  },
    {
      "amount": 500,
      "fluid": "create:potion",
      "nbt": {
        "Bottle": "REGULAR",
        "Potion": "minecraft:poison"
      }
    }
  ],
  "results": [
    {
      "amount": 1000,
      "fluid": "alexscaves:acid"
    },
    {
      "item": "alexscaves:unrefined_waste",
    "count": 1,
	"chance": 0.65
    }
  ]
}