{
  "type": "minecraft:crafting_shaped",
  "pattern": [
    "dCPud",
    "NMdMN",
    " NNN "
  ],
  "key": {
    "M": {
      "item": "create:precision_mechanism"
    },
    "N": {
      "item": "minecraft:netherite_scrap"
    },
    "P": {
      "item": "create:powdered_obsidian"
    },
    "u": {
      "item": "alexscaves:uranium_rod"
    },
    "d": {
      "item": "destroy:nanodiamonds"
    },
    "C": {
      "item": "minecraft:conduit"
    }
  },
  "result": {
    "item": "alexscaves:fissile_core",
    "count": 1
  }
}