{
    "type": "create:mechanical_crafting",
    "pattern": [
      " N N ",
      "NPYPN",
      "NPYPN",
      "GPPPG",
      " NNN "
    ],
    "key": {
      "N": {
        "item": "alexscaves:polymer_plate"
      },
      "Y": {
        "item": "create:copper_backtank"
      },
      "G": {
        "item": "alexsmobs:falconry_glove"
      },
      "P": {
        "tag": "forge:dyes/yellow"
      }
    },
    "result": {
      "item": "alexscaves:hazmat_chestplate",
      "count": 1
    }
  }