{
  "type": "create:mechanical_crafting",
  "pattern": [
    "WMWMWMWMW",
    "VPIISIIPV",
    "VAIIRIIAV",
    "MPCCBCCPM",
    "VPFZFZFPV",
    "WMWMWMWMW"
  ],
  "key": {
    "C": {
      "item": "alexscaves:charred_remnant"
    },
    "Z": {
      "item": "ad_astra:cheese_block"
    },
    "F": {
      "item": "destroy:fluorite_block"
    },
    "P": {
      "item": "create:precision_mechanism"
    },
    "A": {
      "item": "createaddition:modular_accumulator"
    },
    "V": {
      "item": "createutilities:void_steel_sheet"
    },
    "W": {
      "item": "createbigcannons:thick_nethersteel_cannon_chamber"
    },
    "M": {
      "item": "createbigcannons:nethersteel_screw_lock"
    },
    "I": {
      "item": "minecraft:blue_ice"
    },
    "S": {
      "item": "create:contraption_controls"
    },
    "R": {
      "item": "createbigcannons:steel_autocannon_recoil_spring"
    },
    "B": {
      "item": "minecraft:blast_furnace"
    }
  },
  "result": {
    "item": "alexscaves:nuclear_furnace_component",
    "count": 4
  }
}