{
  "type": "minecraft:crafting_shaped",
  "key": {
    "#": {
      "item": "createbigcannons:nethersteel_ingot"
    },
    "F": {
      "item": "ad_astra:engine_fan"
    },
    "I": {
      "item": "ad_astra:steel_plate"
    },
    "G": {
      "item": "ad_astra:oxygen_gear"
    },
    "L": {
      "item": "ad_astra:oxygen_loader"
    },
    "D": {
      "item": "destroy:fluorite"
    },
    "T": {
      "item": "ad_astra:steel_tank"
    }
  },
  "pattern": [
    "#IFI#",
    "IDGDI",
    "ITLTI",
    "#IGI#"
  ],
  "result": {
    "item": "ad_astra:oxygen_distributor"
  }
}