{
  "type": "minecraft:crafting_shaped",
  "pattern": [
    "  #  ",
    " #X# ",
    " #X# ",
    "#NQN#"
  ],
  "key": {
    "X": {
      "item": "createbigcannons:incomplete_steel_autocannon_breech"
    },
    "Q": {
      "item": "createbigcannons:nethersteel_screw_lock"
    },
    "#": {
      "item": "ad_astra:steel_plate"
    },
    "N": {
      "item": "destroy:nickel_block"
    }
  },
  "result": {
    "item": "ad_astra:rocket_fin",
    "count": 1
  }
}


{
  "type": "minecraft:crafting_shaped",
  "key": {
    "#": {
      "tag": "ad_astra_platform:steel_plates"
    }
  },
  "pattern": [
    "  #  ",
    " # # ",
    " # # ",
    "#   #"
  ],
  "result": {
    "count": 4,
    "item": "ad_astra:rocket_fin"
  }
}