{
  "type": "minecraft:crafting_shaped",
  "key": {
    "#": {
      "item": "ad_astra:steel_plate"
    },
    "|": {
      "item": "minecraft:lightning_rod"
    },
    "A": {
      "item": "createutilities:polished_amethyst"
    },
    "M": {
      "item": "create:precision_mechanism"
    },
    "N": {
      "item": "destroy:nickel_block"
    },
    "T": {
      "item": "ad_astra:steel_tank"
    }
  },
  "pattern": [
    "   A   ",
    "   |   ",
    "  #N#  ",
    " #NTN# ",
    "#NMTMN#"
  ],
  "result": {
    "item": "ad_astra:rocket_nose_cone"
  }
}