{
  "type": "minecraft:crafting_shaped",
  "pattern": [
    "  N  ",
    " QpSt",
    " WAW ",
    " WTW ",
    "FWTWF",
    "F E F" 
  ],
  "key": {
    "N": {
      "item": "ad_astra:rocket_nose_cone"
    },
    "Q": {
      "item": "createbigcannons:unbored_nethersteel_screw_breech"
    },
    "S": {
      "item": "createbigcannons:incomplete_nethersteel_screw_breech"
    },
    "t": {
      "item": "minecraft:black_stained_glass_pane"
    },
    "p": {
      "item": "alexscaves:submarine"
    },
    "T": {
      "item": "ad_astra:steel_tank"
    },
    "W": {
      "item": "createbigcannons:very_large_nethersteel_cannon_layer"
    },
    "A": {
      "item": "createaddition:modular_accumulator"
    },
    "F": {
      "item": "ad_astra:rocket_fin"
    },
    "E": {
      "item": "ad_astra:steel_engine"
    }
  },
  "result": {
    "item": "ad_astra:tier_1_rocket",
    "count": 1
  }
}