{
    "type": "create:compacting",
    "conditions": [
        {
            "type": "forge:mod_loaded",
            "modid": "supplementaries"
        }
    ],
    "ingredients": [
      {
        "mixtureFluidWithSalt": "destroy:mixture",
        "amount": 250,
        "anion": "destroy:hydroxide",
        "cation": "destroy:sodium_ion",
        "concentration": 5.0
      },
      {
        "fluid": "destroy:cream",
        "amount": 250
      }
    ],
    "results": [
      {
        "item": "supplementaries:soap_block"
      }
    ],
    "heatRequirement": "cooled"
  }