{
  "type": "minecraft:crafting_shaped",
  "pattern": [
    " BQB ",
    "BMTPB",
    "SFBFS"
  ],
  "key": {
    "P": {
      "item": "createdieselgenerators:engine_piston"
    },
    "Q": {
      "item": "createdieselgenerators:chemical_sprayer_lighter"
    },
    "M": {
      "item": "createdieselgenerators:engine_silencer"
    },
    "T": {
      "item": "createdieselgenerators:engine_turbocharger"
    },
    "B": {
      "tag": "forge:storage_blocks/brass"
    },
    "S": {
      "item": "createutilities:void_steel_sheet"
    },
    "F": {
      "item": "create:steam_engine"
    }
  },
  "result": {
    "item": "createdieselgenerators:diesel_engine"
  }
}