{
  "type": "minecraft:crafting_shaped",
  "pattern": [
    " HTH ",
    "HADPH",
    "HBSBH"
  ],
  "key": {
    "A": {
      "item": "create:precision_mechanism"
    },
    "P": {
      "item": "createdieselgenerators:engine_piston"
    },
    "D": {
      "item": "createdieselgenerators:diesel_engine"
    },
    "B": {
      "tag": "forge:storage_blocks/brass"
    },
    "S": {
      "item": "createutilities:void_steel_sheet"
    },
    "H": {
      "tag": "forge:plates/brass"
    },
    "T": {
      "item": "createdieselgenerators:engine_turbocharger"
    }
  },
  "result": {
    "item": "createdieselgenerators:large_diesel_engine"
  }
}