{
    "type": "create:compacting",
    "heatRequirement": "heated",
    "ingredients": [
      {
        "item": "minecraft:gravel"
      },
      {
        "item": "minecraft:red_sand"
      },
      {
        "fluid": "createdieselgenerators:crude_oil",
        "amount": 100
      }
    ],
  "results": [
    {
      "chance": 1.0,
      "count": 8,
      "item": "createdieselgenerators:asphalt_block"
    },
    {
      "chance": 0.25,
      "count": 1,
      "item": "createdieselgenerators:asphalt_block"
    }
  ]
}