{
  "type": "minecraft:crafting_shaped",
  "pattern": [
    "   D",
    "  I ",
    " U  ",
    "S   "
  ],
  "key": {
    "I": {
      "item": "createbigcannons:incomplete_steel_screw_breech"
    },
    "U": {
      "item": "createbigcannons:unbored_steel_autocannon_barrel"
    },
    "S": {
      "item": "createbigcannons:steel_screw_lock"
    },
    "D": {
      "item": "destroy:nanodiamonds"
    }
  },
  "result": {
    "item": "createdieselgenerators:engine_piston"
  }
}