{
  "type": "minecraft:crafting_shaped",
  "pattern": [
    " BB ",
    " II ",
    "BQPB",
    "SFFS"
  ],
  "key": {
    "P": {
      "item": "createdieselgenerators:engine_piston"
    },
    "Q": {
      "item": "createdieselgenerators:chemical_sprayer_lighter"
    },
    "I": {
      "item": "minecraft:iron_block"
    },
    "B": {
      "tag": "forge:storage_blocks/brass"
    },
    "S": {
      "item": "createutilities:void_steel_ingot"
    },
    "F": {
      "item": "create:steam_engine"
    }
  },
  "result": {
    "item": "createdieselgenerators:huge_diesel_engine"
  }
}