{
  "type": "minecraft:crafting_shaped",
  "pattern": [
    " M ",
    "IFI",
    "IEI",
    " S "
  ],
  "key": {
    "F": {
      "item": "createbigcannons:powder_charge"
    },
    "S": {
      "item": "alexscaves:metal_barrel"
    },
    "I": {
      "item": "create:iron_sheet"
    },
    "E": {
      "item": "createbigcannons:shrapnel_shell"
    },
    "M": {
      "item": "create:precision_mechanism"
    }
  },
  "result": {
    "item": "cgm:grenade",
    "count": 4
  }
}