{
  "type": "minecraft:crafting_shaped",
  "pattern": [
    "BBACSM#",
    "BBATA# ",
    "   TP  "
  ],
  "key": {
    "S": {
      "item": "createbigcannons:steel_autocannon_recoil_spring"
    },
    "C": {
      "item": "createbigcannons:steel_autocannon_breech"
    },
    "T": {
      "item": "createutilities:void_steel_sheet"
    },
    "#": {
      "item": "ad_astra:steel_plate"
    },
    "P": {
      "item": "alexscaves:polymer_plate"
    },
    "A": {
      "item": "createbigcannons:autocannon_ammo_container"
    },
    "M": {
      "item": "create:precision_mechanism"
    },
    "B": {
      "item": "createbigcannons:steel_autocannon_barrel"
    }
  },
  "result": {
    "item": "cgm:grenade_launcher",
    "count": 1
  }
}