{
  "type": "minecraft:crafting_shaped",
  "pattern": [
    "BBBBBCS#",
    "    ATM ",
    "      & "
  ],
  "key": {
    "S": {
      "item": "createbigcannons:steel_autocannon_recoil_spring"
    },
    "C": {
      "item": "createbigcannons:steel_autocannon_breech"
    },
    "B": {
      "item": "createbigcannons:steel_autocannon_barrel"
    },
    "#": {
      "item": "ad_astra:steel_ingot"
    },
    "&": {
      "item": "ad_astra:steel_plate"
    },
    "T": {
      "item": "createutilities:void_steel_sheet"
    },
    "A": {
      "item": "createbigcannons:autocannon_ammo_container"
    },
    "M": {
      "item": "create:precision_mechanism"
    }
  },
  "result": {
    "item": "cgm:rifle",
    "count": 1
  }
}