{
  "type": "minecraft:crafting_shaped",
  "category": "misc",
  "key": {
    "A": {
      "item": "createbigcannons:autocannon_ammo_container"
    },
    "S": {
      "item": "createbigcannons:cast_iron_sliding_breechblock"
    },
    "B": {
      "item": "createbigcannons:cast_iron_barrel"
    },
    "L": {
      "tag": "minecraft:logs"
    },
    "S": {
      "item": "minecraft:iron_block"
    }
  },
  "pattern": [
    " B ",
    "LSL",
    "SAS"
  ],
  "result": {
    "item": "create:schematicannon"
  },
  "show_notification": true
}