{
    "type": "create:mechanical_crafting",
    "pattern": [
      " NNN ",
      "NYGYN",
      "NYDYN",
      " NFN "
    ],
    "key": {
      "N": {
        "item": "alexscaves:polymer_plate"
      },
      "D": {
        "item": "create:copper_diving_helmet"
      },
      "Y": {
        "tag": "forge:dyes/yellow"
      },
      "G": {
        "item": "create:goggles"
      },
      "F": {
        "item": "destroy:gas_filter"
      }
    },
    "result": {
      "item": "alexscaves:hazmat_mask",
      "count": 1
    }
  }