{
  "type": "create:mechanical_crafting",
  "pattern": [
    " SSS ",
    "SVTPS",
    "SFUFS",
    "SPTVS",
    " SLS "
  ],
  "key": {
    "U": {
      "item": "alexscaves:unrefined_waste"
    },
    "T": {
      "item": "minecraft:tnt_minecart"
    },
    "F": {
      "item": "alexscaves:fissile_core"
    },
    "P": {
      "item": "create:precision_mechanism"
    },
    "S": {
      "item": "createutilities:void_steel_sheet"
    },
    "V": {
      "item": "createaddition:modular_accumulator"
    },
    "L": {
      "item": "minecraft:lodestone"
    }
  },
  "result": {
    "item": "alexscaves:nuclear_bomb",
    "count": 1
  }
}