{
  "type": "minecraft:crafting_shaped",
  "pattern": [
    "  TTHTT ",
    " SAAFPDG",
    "ERCXMMMS",
    "  SSSSS "
  ],
  "key": {
    "R": {
      "item": "createaddition:copper_rod"
    },
    "S": {
      "item": "create:copper_sheet"
    },
    "A": {
      "item": "createaddition:modular_accumulator"
    },
    "H": {
      "item": "copperandtuffbackport:copper_trapdoor"
    },
    "T": {
      "item": "create:copper_backtank"
    },
    "D": {
      "item": "create:contraption_controls"
    },
    "E": {
      "item": "ad_astra:engine_fan"
    },
    "F": {
      "item": "create:fluid_pipe"
    },
    "G": {
      "item": "minecraft:tinted_glass"
    },
    "M": {
      "item": "create:precision_mechanism"
    },
    "C": {
      "item": "minecraft:conduit"
    },
    "X": {
      "item": "alexscaves:uranium_shard"
    },
    "P": {
      "item": "create:orange_seat"
    }
  },
  "result": {
    "item": "alexscaves:submarine",
    "count": 1
  }
}