{
  "type": "create:mixing",
  "ingredients": [
	  {
		"item": "minecolonies:golden_bread"
	  },
	  {
		"item": "minecraft:flint"
	  },
	  {
		"item": "destroy:yeast"
	  },
	  {
		"item": "ad_astra:moon_sand"
	  },
	  {
		"item": "ad_astra:moon_sand"
	  },
	  {
		"item": "ad_astra:moon_sand"
	  },
    {
      "amount": 70,
      "fluid": "alexscaves:acid"
    },
    {
      "amount": 700,
      "fluid": "minecraft:water"
    }
  ],
  "results": [{
    "item": "alexscaves:unrefined_waste",
    "count": 9,
	"chance": 1.0
  }]
}