{
  "type": "create:compacting",
  "heatRequirement": "superheated",
  "ingredients": [
	  {
		"item": "createaddition:diamond_grit"
	  },
	  {
		"item": "minecraft:feather"
	  },
	  {
		"item": "minecraft:feather"
	  },
	  {
		"item": "minecraft:feather"
	  },
	  {
		"item": "minecraft:feather"
	  },
	  {
		"item": "minecraft:feather"
	  },
	  {
		"item": "minecraft:feather"
	  },
	  {
		"item": "minecraft:feather"
	  },
	  {
		"item": "minecraft:feather"
	  }
  ],
  "results": [
    {
      "item": "minecraft:phantom_membrane"
    }
  ]
}